1900,Luisa Tetrazzini
1900,Victor Herbert
1900,Walter Van Brunt
1900,Jelly Roll Morton
1900,Scott Joplin
1900,Arthur Collins
1900,Len Spencer
1900,Sousa's Band
1900,Harry Lauder
1900,New York Military Band
1900,Arthur Collins and Byron G. Harlan
1900,Burt Bales
1900,Enrico Caruso
1900,Alma Gluck (with Male Chorus)
1900,Gustave Charpentier
1900,John Wolf Brennan
1900,Sophie Tucker
1900,Charles Gounod
1900,Leonard Bernstein
1900,Johann Strauss II
1900,Josef Strauss
1900,Bacova's Ceska Kapela
1900,Edward Meeker
1900,John Philip Sousa
1900,Sir Harry Lauder
1900,Eduard Strauss
1900,Arthur Askey
1900,Mariachi Vargas de Tecalitlán
1900,Arthur Collins & Byron Harlan
1900,William Gillette
1900,Yvette Guilbert
1900,Reginald R. Robinson
1900,Stephen Collins Foster
1900,Анастасия Вяльцева
1900,Babe Wagner
1900,Joan Sawyer's Persian Garden Orchestra
1900,Варя Панина
1900,Эдит Пиаф
1900,Leon Redbone
1900,Maurice Chevalier
1900,Joshua Rifkin
1900,Émile Waldteufel
1900,The New Orleans Ragtime Orchestra
1900,Eubie Blake
1900,Alexander Scriabin
1900,Dooley Wilson
1900,New Orleans Rhythm Kings
1900,Billy Murray
1900,Ada Jones
1900,Rudyard Kipling
1900,Sir Arthur Conan Doyle
1900,Maurice Ravel
1900,Tom Turpin
1900,James Johnson
1900,Vess L. Ossman
1900,Edward M. Favor
1900,Gérard Pierron & Gaston Couté
1900,Enrique Granados
1900,Arnold Bax
1900,Charlie Chaplin
1900,Edison Concert Band
1900,Paul Eakins/Wurlitzer 153
1900,The Darling Madam Laura (Gavioli Carousel Organ)
1900,Queen of Kings Island (Wurlitzer 157)
1900,Iosif Ivanovici
1900,Los Muchachos de Antes
1900,Bert Williams
1900,Fred Van Eps
1900,New York Philharmonic
1900,Carl Michael Ziehrer
1900,Nellie Melba
1900,Royal Scottish National Orchestra
1900,Ada Jones & Billy Murray
1900,Sergei Vasilievich Rachmaninoff
1900,Arturo Toscanini
1900,Frank Pettingell
1900,P T Barnum
1900,Theodore Roosevelt
1900,Aristide Bruant
1900,"Goltison, M. A."
1900,"Jääskeläinen, Pasi"
1900,"Borenius, Henrik"
1900,"Kainulainen, Iivari"
1900,"Rautavaara, Eino"
1900,"Ackté, Aino"
1900,"Ekman, Ida"
1900,"Ojanperä, Abraham"
1900,"Frey, Hjalmar"
1900,"Ackte, Irma"
1900,"Linsén, Gabriel"
1900,William Howard Taft
1900,Victor Dance Orchestra
1900,Billy Jones & Ernest Hare
1900,The Fine Arts Brass Ensemble
1900,Maxi
1900,Lieut. Jim Europe's 369th Infantry Band
1900,Flanders and Swann
1900,James I. Lent
1900,James Reese Europe
1900,New Orleans Ragtime Orchestra
1900,Bo Tong and Yan Fu
1900,William Jennings Bryan
1900,Ragtime Jazz Band
1900,Oscar Wilde
1900,Polkas Band
1900,The Madam's Piano (Coinola Midget Nickelodeon)
1900,Cuarteto Coculense
1900,La Belle Epoque Emsemble
1900,Paul Lack
1900,O. Henry
1900,Cirilo Marmolejo
1900,Roderich Bass
1900,Will F. Denny
1900,Marcel Merkès & Paulette Merval
1900,Paul Eakins/Wurlitzer Caliola
1900,Paul Eakins/Wulritzer 157
1900,Ruperto Chapi
1900,Aristide Bruant (d. 1925)
1900,John Phillip Sousa; United States Marine Band
1900,Tomas Breton
1900,And Then Came Christmas
1900,Regina Orchestral Corona Music Box
1900,The Emperor (Mortier Belgain Dance Organ)
1900,Encore Automatic Banjo
1900,Sadie Mae (Gavioli Military Band Organ)
1900,Mills Single Violano Virtuoso
1900,Paul Eakins/Wulrlitzer 153
1900,"Ursula Wick, Gerard Wyss, Quatuor Sine Nomine, Michel Veillon"
1900,Pneumatic Player Piano
1900,New Orleans Ragtime Band
1900,Hot Lips Hoolihan
1900,Eli Charleston
1900,Alfred Squire
1900,Lottie Gilson
1900,May Kelso
1900,Alice Lloyd
1900,Мария Эмская
1900,Alice Shaw and twin daughters
1900,Edison militär-musikkår
1900,Georges Méliès
1900,Дмитрий Ершов
1900,Сергей Садовников
1900,Хор каторжников Тобольской каторги
1900,Владимир Севастьянов
1900,Николай Шевелев
1900,Ефим Гиляров
1900,"Хор бродяг под упр. Скалкина, Г. Бахмутов"
1900,Pio Carlo Nevi
1900,Pierre d'Assy
1900,Pio Carlo Nevi
1900,Pierre d'Assy
1900,Pio Carlo Nevi
1900,Pierre d'Assy
1910,Jelly Roll Morton
1910,Scott Joplin
1910,Al Jolson
1910,Original Dixieland Jazz Band
1910,Marion Harris
1910,Arthur Fields
1910,Albert Campbell and Henry Burr
1910,Enrico Caruso
1910,Sophie Tucker
1910,Ma Rainey
1910,Александр Вертинский
1910,Fréhel
1910,Jean Schwartz
1910,Arthur Collins & Byron Harlan
1910,José Mojica
1910,Надежда Плевицкая
1910,Maurice Chevalier
1910,Frankie Lymon and The Teenagers
1910,Ethel Waters
1910,Dooley Wilson
1910,Jascha Heifetz
1910,King Oliver
1910,Six Brown Brothers
1910,Billy Murray
1910,Laurel & Hardy
1910,Luigi Russolo
1910,Aleister Crowley
1910,Solti Hermin
1910,American Quartet
1910,Vess L. Ossman
1910,Edward M. Favor
1910,Nora Bayes
1910,Irving Berlin
1910,Edith Day
1910,Yerkes Jazarimba Orchestra
1910,Helen Clark
1910,Edward Meeker
1910,Enrique Granados
1910,Arnold Bax
1910,Marcel Duchamp
1910,Antonio Russolo
1910,Charlie Chaplin
1910,John Steel
1910,John Mccormack
1910,Claire Waldoff
1910,Bert Williams
1910,Fred Van Eps
1910,The Marx Brothers
1910,New York Philharmonic
1910,Mariachi Vargas de Tecalitlán
1910,Sergei Vasilievich Rachmaninoff
1910,Arturo Toscanini
1910,Elsie Janis
1910,Herbert Payne
1910,Nat M. Wills
1910,Van & Schenck
1910,Walter Van Brunt
1910,Art Hickman
1910,Anna Chandler
1910,Victor Military Band
1910,Sibyl Sanderson Fagan
1910,Jack Charman
1910,Harry Fay
1910,Arthur Collins and Byron G. Harlan
1910,"James Reese Europe's 369th U.S. Infantry ""Hell Fighters"" Band"
1910,Billy Murray & American Quartet
1910,James Reese Europe
1910,Little Tich
1910,Weber & Fields
1910,Cirilo Marmolejo
1910,Van & Schenck
1910,Mr. Billy Williams
1910,Irene Franklin
1910,Юрий Морфесси
1910,Odette Le Fontenay
1910,Betsy Lane Shepherd
1910,Leola Lucey
1910,Daisy Taylor
1910,Lottie Gilson
1910,Sallie Stembler
1910,"""That Girl"" Quartet"
1910,Alice Lloyd
1910,Brahma Sri Tiruchendur Appadurai Aiyengar
1910,Мария Эмская
1910,Hart Wand
1910,Lovey's String Band
1910,Γιάγκος Ψαμαθιανός
1910,Georges Méliès
1910,Pio Carlo Nevi
1910,Montés y Manrique
1910,Песни сибирской каторги (1908-1920)
1910,Песни Сибирской каторги
1910,Hart Wand
1910,Lovey's String Band
1910,Γιάγκος Ψαμαθιανός
1910,Georges Méliès
1910,Pio Carlo Nevi
1910,Montés y Manrique
1910,Песни сибирской каторги (1908-1920)
1910,Песни Сибирской каторги
1910,Hart Wand
1910,Lovey's String Band
1910,Γιάγκος Ψαμαθιανός
1910,Georges Méliès
1910,Pio Carlo Nevi
1910,Montés y Manrique
1910,Песни сибирской каторги (1908-1920)
1910,Песни Сибирской каторги
1910,Hart Wand
1910,Lovey's String Band
1910,Γιάγκος Ψαμαθιανός
1910,Georges Méliès
1910,Pio Carlo Nevi
1910,Montés y Manrique
1910,Песни сибирской каторги (1908-1920)
1910,Песни Сибирской каторги
1910,Hart Wand
1910,Lovey's String Band
1910,Γιάγκος Ψαμαθιανός
1910,Georges Méliès
1910,Pio Carlo Nevi
1910,Montés y Manrique
1910,Песни сибирской каторги (1908-1920)
1910,Песни Сибирской каторги
1910,Hart Wand
1910,Lovey's String Band
1910,Γιάγκος Ψαμαθιανός
1910,Georges Méliès
1910,Pio Carlo Nevi
1910,Montés y Manrique
1910,Песни сибирской каторги (1908-1920)
1910,Песни Сибирской каторги
1920,Annette Hanshaw
1920,The Boswell Sisters
1920,Victoria Spivey
1920,Marion Harris
1920,Mamie Smith
1920,Eddie Cantor
1920,Sophie Tucker
1920,Bessie Smith
1920,Lucille Bogan
1920,Mistinguett
1920,Jelly Roll Morton
1920,Comedian Harmonists
1920,Ruth Etting
1920,Bix Beiderbecke
1920,Ethel Waters
1920,Ma Rainey
1920,Helen Kane
1920,Clarence Williams' Blue Five
1920,Blind Lemon Jefferson
1920,Sidney Bechet
1920,Josephine Baker
1920,McKinney's Cotton Pickers
1920,Fats Waller
1920,Louis Armstrong & His Hot Seven
1920,Mamie Smith & Her Jazz Hounds
1920,Emmett Miller
1920,Fletcher Henderson
1920,Coleman Hawkins
1920,Al Jolson
1920,King Oliver
1920,Blind Blake
1920,Waring's Pennsylvanians
1920,Savoy Orpheans
1920,Alberta Hunter
1920,Paul Whiteman
1920,Clara Smith
1920,Gus Cannon
1920,Jack Hylton
1920,Carlos Gardel
1920,Blind Willie Johnson
1920,Paul Whiteman & His Orchestra
1920,Carolina Club Orchestra
1920,Ted Lewis and his Band
1920,Original Dixieland Jazz Band
1920,Mick's Washboard
1920,Ida Cox
1920,California Ramblers
1920,King Oliver's Creole Jazz Band
1920,Eddie Lang
1920,Karl Gerhard
1920,Fletcher Henderson and His Orchestra
1920,The Dorsey Brothers
1920,Gladys Bentley
1920,Jean Goldkette
1920,Bert Kalmar
1920,Bernard Addison
1920,Bessie Tucker
1920,Jelly Roll Morton
1920,Various Artists
1920,The Carter Family
1920,Fanny Brice
1920,Gene Austin
1920,Dock Boggs
1920,Chick Webb
1920,Louis Armstrong And His Hot Seven
1920,Dixieland Jug Blowers
1920,Georgia Melodians
1920,New Orleans Rhythm Kings
1920,Original Tuxedo Jazz Orchestra
1920,Connee Boswell
1920,Mildred Bailey
1920,Lotte Lenya
1920,Александр Вертинский
1920,Anton Webern
1920,Eva Taylor
1920,Rudy Vallee
1920,Jack Hylton & His Orchestra
1920,Butterbeans & Susie
1920,Jelly Roll Morton Trio
1920,Jelly Roll Morton's Red Hot Peppers
1920,Jelly Roll Morton & His Red Hot Peppers
1920,Irving Berlin
1920,Vaughn DeLeath
1920,Jabbo Smith's Rhythm Aces
1920,Arthur Fields
1920,The Original Memphis Five
1920,Buddy Clark
1920,Firehouse Five Plus Two
1920,Belle Baker
1920,Rosa Henderson
1920,R. Crumb and His Cheap Suit Serenaders
1920,Aileen Stanley
1920,Frankie Trumbauer And His Orchestra
1920,Red Nichols
1920,Pola Negri
1920,Leroy Carr & Scrapper Blackwell
1920,Nick Lucas
1920,Jane Green
1920,The Wolverine Orchestra
1920,Jan Garber
1920,Billy Jones & Ernest Hare
1920,Mamie Smith And Her Jazz Hounds
1920,King Oliver
1920,Mack Gordon
1920,Walter Melrose
1920,Leo Monosson
1920,"Riddle, Mia & Her Band"
1920,Leon Redbone
1920,Maurice Chevalier
1920,Paul Robeson
1920,Fred Waring & His Pennsylvanians
1920,Frankie Lymon and The Teenagers
1920,Marian Anderson
1920,Jimmy Durante
1920,Jimmy Dorsey
1920,C.W. Stoneking
1920,Adam Carroll
1920,Bob Wills
1920,James P. Johnson
1920,Jimmie Lunceford
1920,Guillermo Portabales
1920,Kurt Weill
1920,Memphis Jug Band
1920,Trio Matamoros
1920,Tommy Johnson
1920,Damia
1920,Sippie Wallace
1920,Dooley Wilson
1920,Jascha Heifetz
1920,Yehudi Menuhin
1920,Blue Lu Barker
1920,Greg Poppleton & his Bakelite Dance Band
1920,Eddie Condon
1920,Tampa Red
1920,Irving Aaronson And His Commanders
1920,Louis Armstrong and His Hot Five
1920,Johnny Bayersdorffer And His Jazzola Novelty Orchestra
1920,Jimmy Bertrand's Washboard Wizards
1920,Boston Orchestra
1920,Chicago Rhythm Kings
1920,Johnny De Droit And His New Orleans Orchestra
1920,Clarence Williams' Washboard Four
1920,Clarence Williams' Washboard Five
1920,Clarence Williams' Jazz Kings
1920,Clarence Williams and His Bottomland Orchestra
1920,The Washingtonians
1920,Ted Weems and his Orchestra
1920,Bud Freeman and His Orchestra
1920,Cook And His Dreamland Orchestra
1920,Detroit Melodists
1920,Thomas Morris and His Seven Hot Babies
1920,Levee Serenaders
1920,Lopez and Hamilton's Kings of Harmony Orchestra
1920,Original Crescent City Jazzers
1920,Original Memphis Five
1920,Original Wolverines
1920,Paul Howard's Quality Serenaders
1920,Ray Miller And His Orchestra
1920,Red Nichols And His Five Pennies
1920,Bennie Moten's Kansas City Orchestra
1920,King Oliver's Dixie Syncopators
1920,King Oliver's Jazz Band
1920,Kid Ory
1920,Groucho Marx
1920,Noël Coward
1920,Chick Webb & His Orchestra
1920,Friars Society Orchestra
1920,Cliff Edwards
1920,Lucha Reyes
1920,The Thought Criminals
1920,Les Paul
1920,Laurel & Hardy
1920,Xavier Cugat and His Orchestra
1920,Fréhel
1920,Carlos Montoya
1920,Xavier Cugat
1920,Bunk Johnson
1920,Irene Scruggs
1920,Muggsy Spanier
1920,Bunny Berigan
1920,Lizzie Miles
1920,Bumble Bee Slim
1920,Louis Davids
1920,Don Redman and His Orchestra
1920,Maurice Ravel
1920,Max Steiner
1920,G.M.Orchestra
1920,Bix Beiderbecke And Frankie Trumbauer
1920,Sara Martin
1920,Django Reinhardt & Stéphane Grappelli
1920,Freddie Keppard's Jazz Cardinals
1920,Barney Bigard
1920,Billy Jones
1920,Palast Orchester mit Max Raabe
1920,Duke Ellington
1920,Lucille Hegamin
1920,Oum Kalthoum
1920,Charlie Spivak and his Orchestra
1920,Manuel María Ponce
1920,Ρόζα Εσκενάζυ
1920,Charles Penrose
1920,Original Dixie Rag Pickers
1920,Bennie Moten
1920,Amédé Ardoin
1920,Yerkes Jazarimba Orchestra
1920,The Dixie Hummingbirds
1920,Ben Bernie
1920,Ambrose & His Orchestra
1920,Lillian Roth
1920,Trixie Smith
1930,The Boswell Sisters
1930,Al Bowlly
1930,Benny Goodman
1930,Ruth Etting
1930,Marion Harris
1930,Fats Waller
1930,Comedian Harmonists
1930,Fletcher Henderson
1930,Joséphine Baker
1930,Teddy Wilson
1930,The Andrews Sisters
1930,Zarah Leander
1930,Annette Hanshaw
1930,Bunny Berigan
1930,Jack Hylton & His Orchestra
1930,Lydia Mendoza
1930,Lale Andersen
1930,Blue Sky Boys
1930,Fred Astaire
1930,The Mills Brothers
1930,Jelly Roll Morton
1930,G.M.Orchestra
1930,Connie Boswell
1930,Spike Hughes
1930,Henry Hall & His Orchestra
1930,Cole Porter
1930,Billy Eckstine
1930,Helen Kane
1930,Frankie Yankovic
1930,Charlie Christian
1930,Damia
1930,Jack Teagarden
1930,Connee Boswell
1930,Mildred Bailey
1930,Benny Goodman & His Orchestra
1930,Victoria Spivey
1930,Jane Froman
1930,Eddie Cantor
1930,Mildred Bailey & Her Swing Band
1930,Carmen Miranda
1930,Carroll Gibbons & The Savoy Hotel Orpheans
1930,Rita Abatzi
1930,"Leslie ""Hutch"" Hutchinson"
1930,Harry Revel
1930,Mack Gordon
1930,Various Artists
1930,Paul Robeson
1930,Frankie Lymon and The Teenagers
1930,Gene Austin
1930,Gene Autry
1930,Martha Tilton
1930,Jimmy Dorsey
1930,Adam Carroll
1930,Bob Wills
1930,Jimmie Lunceford
1930,Ethel Merman
1930,Irene Dunne
1930,Al Jolson
1930,Ethel Waters
1930,Sophie Tucker
1930,McKinney's Cotton Pickers
1930,Greg Poppleton & his Bakelite Dance Band
1930,Mick's Washboard
1930,Eddie Condon
1930,Charlie Barnet
1930,The Cellar Boys
1930,King Oliver's Dixie Syncopators
1930,Helen O'connell
1930,Bob Crosby
1930,Danny Kaye With The Andrews Sisters
1930,Ray Noble
1930,Cab Calloway & His Orchestra
1930,Roy Acuff
1930,Shirley Temple
1930,Friars Society Orchestra
1930,Paul Whiteman
1930,Fréhel
1930,Muggsy Spanier
1930,Delmore Brothers
1930,Lucille Bogan
1930,Harmony Sisters
1930,Don Redman and His Orchestra
1930,The Blue Sky Boys
1930,Maurice Ravel
1930,Milton Brown
1930,Eddie Lang
1930,Patsy Montana
1930,Rudy Vallee
1930,Lucienne Boyer
1930,Larry Clinton
1930,Django Reinhardt & Stéphane Grappelli
1930,Tino Rossi
1930,Hans Albers
1930,Joe Venuti
1930,Kay Kyser & His Orchestra
1930,Una Mae Carlisle
1930,Erskine Hawkins
1930,Ρόζα Εσκενάζυ
1930,Valaida Snow
1930,Pee Wee Russell
1930,Bennie Moten
1930,Bobby Hackett
1930,Glen Gray
1930,Mills Blue Rhythm Band
1930,Vassilis Tsitsanis
1930,Fletcher Henderson and His Orchestra
1930,Lil Johnson
1930,Elsie Carlisle
1930,Lillian Roth
1930,Alice Faye
1930,Jeanette MacDonald
1930,Ginger Rogers
1930,Randolph Sutton
1930,Arthur Crudup
1930,Johnny Temple
1930,Arnold Bax
1930,The Cats & The Fiddle
1930,Aileen Stanley
1930,Ella Fitzgerald and Her Savoy Eight
1930,Mae West
1930,Hal Kemp and his Orchestra
1930,Oscar Alemán
1930,Georg Malmstén
1930,Dorsey Brothers & Their Orchestra
1930,Don Voorhees & His Orchestra
1930,Ella Fitzgerald & Chick Webb & His Orchestra
1930,Chick Webb & His Orchestra feat. Ella Fitzgerald
1930,Jack Hylton and His Orchestra
1930,Kurt Tucholsky
1930,The Revelers
1930,Eero Väre
1930,Harold Arlen
1930,Walter Huston
1930,Pyotr Leshchenko
1930,Harry Roy & His Orchestra
1930,Lew Stone & His Band
1930,Sergei Vasilievich Rachmaninoff
1930,Ina Ray Hutton and Her Melodears
1930,Στελλάκης Περπινιάδης
1930,The Blue Grass Boys
1930,Bernard Addison
1930,Sam Browne
1930,Nelson Eddy
1930,The Ramblers
1930,Carroll Gibbons Hildegarde & Her Boy Friends
1930,Κώστας Ρούκουνας
1930,George Burns
1930,Whispering Jack Smith
1930,Eddie Durham
1930,Ray Henderson
1930,Busby Berkeley
1930,The Yacht Club Boys
1930,Dick Mine
1930,King Oliver and His Orchestra
1930,Jack Buchanan
1930,Leo Smit
1930,Greg Poppleton
1930,The Hot Air-Men
1930,Top Hat (Turner)
1930,Jan Garber; Jan Garber & His Greater Columbia Recording Orchestra
1930,Grete Mosheim
1930,Joan Blondell & The Chorines / Busby Berkeley
1930,Ρίτα Αμπατζή
1930,Phil Doleman
1930,Louis de Vries
1930,Norske Legion
1930,Sophie Tucker w/Miff Mole's Molers
1930,Irving Mills And His Hotsy Totsy
1930,"Irving Kaufman, Adrian Schubert & His Salon Orchestra"
1930,Bando de Tangarás
1930,Alfred Sällik ja The Murphy Band
1930,Aarne Viisimaa ja orkester
1930,Ляля Чёрная
1930,The Avalon Boys
1930,zPotHeads
1930,Zbigniew Rakowiecki
1930,Greg Poppleton & the Bakelite Broadcasters
1930,Jimmy Messene
1930,Django Reinhardt & The Hot Club Of France Quintet
1930,Harlem Hot Chocolates
1930,King Oliver & Orchestra
1930,Cab Calloway
1930,Mae Questel
1930,"James Stewart, Marjorie Lane (for Eleanor Powell)"
1930,Pat O'Malley
1930,Gracie Allen
1930,Tallulah Bankhead
1930,Dolly Dawn
1930,Effisio Melis
1930,Cliff Ukelele Ike Edwards
1930,Hit Of The Week Orchestra
1930,The New York Twelve
1930,Leola Felton
1930,Benrus Radio Orchestra
1930,Greg Holmes
1930,Denis Lawson
1930,V.I. Agapkin
1930,Harry Roy and His Mayfair Hotel Orchestra
1930,Les Allen
1930,Jim Riggs
1930,The Fodies
1930,Gene Kardos and His Orchestra
1930,Frank Teschmacher
1930,Αντώνης Διαμαντίδης (Νταλγκάς)
1930,Jitterbug Vipers
1930,The Blue Lyres
1930,Michael Afanasyev
1930,Scrappy Cartoon
1930,Django Reinhardt
1930,Alan Gresik Swing Shift Orchestra
1940,The Andrews Sisters
1940,Benny Goodman & His Orchestra
1940,Glenn Miller
1940,Benny Goodman
1940,Zarah Leander
1940,Helen O'connell
1940,Vera Lynn
1940,The Crew Cuts
1940,Rosemary Clooney
1940,Sidney Bechet
1940,Artie Shaw
1940,Helen Forrest
1940,The Ink Spots
1940,Al Jolson
1940,Louis Armstrong & Duke Ellington
1940,Jane Froman
1940,Lale Andersen
1940,Cole Porter
1940,Fred Astaire
1940,The Mills Brothers
1940,Pierre Schaeffer
1940,Gene Kelly
1940,Roy Acuff
1940,Danny Kaye
1940,Victoria Spivey
1940,Alice Faye
1940,Various Artists
1940,Paul Robeson
1940,Rita Hayworth
1940,Pearl Bailey
1940,Frankie Lymon and The Teenagers
1940,Kitty Kallen
1940,Jo Stafford
1940,Gene Austin
1940,Burl Ives
1940,Billy Eckstine
1940,Artie Shaw and His Orchestra
1940,Gene Autry
1940,The McGuire Sisters
1940,Kay Kyser
1940,Margaret Whiting
1940,Martha Tilton
1940,Dick Haymes
1940,Helen Kane
1940,Quartetto Cetra
1940,Les Brown
1940,Ethel Waters
1940,Sophie Tucker
1940,Mick's Washboard
1940,Jeri Southern
1940,The Weavers
1940,Noël Coward
1940,Guy Lombardo
1940,Tapio Rautavaara
1940,Reino Helismaa
1940,Betty Grable
1940,Paul Whiteman
1940,Fréhel
1940,Harmony Sisters
1940,Maurice Ravel
1940,Rudy Vallee
1940,Duke Ellington & His Orchestra
1940,"Harry ""The Hipster"" Gibson"
1940,Barney Bigard
1940,Olavi Virta
1940,Henry Theel
1940,Charlie Haden Quartet West
1940,Hans Albers
1940,Kay Kyser & His Orchestra
1940,Una Mae Carlisle
1940,Count Basie & His Orchestra
1940,Beryl Davis
1940,Ginger Rogers
1940,Arthur Crudup
1940,Arnold Bax
1940,Aileen Stanley
1940,Mae West
1940,The Merry Macs
1940,Metro-Tytöt
1940,Georg Malmstén
1940,Dodo Marmarosa
1940,Ture Ara
1940,Eero Väre
1940,Metropole Orkest
1940,Lucky Millinder And His Orchestra
1940,Sergei Vasilievich Rachmaninoff
1940,Margot Hielscher
1940,The Metropole Orchestra
1940,Archie Bleyer
1940,The Ramblers
1940,Glenn Miller
1940,Ella Mae Morse & Freddie Slack
1940,George Burns
1940,Glenn Miller and his Army Air Force Band
1940,Tommy Dorsey
1940,Veikko Tuomi
1940,The Star Spangled Singers
1940,Arthur Smith & His Crackerjacks
1940,The Clock
1940,Norske Legion
1940,Jo Stafford with Paul Weston & His Orchestra
1940,Rhonda Fleming
1940,Klaas van Beeck en zijn dansorkest
1940,Slim Gaillard -
1940,Cab Calloway
1940,Lalo Y Sus Cinco Lobos
1940,Sister Rosetta Tharpe & Lucky Millinder
1940,Bob Lamm
1940,Virginia O'Brien
1940,Gracie Allen
1940,Tallulah Bankhead
1940,Frank Johnson's Fabulous Dixielanders
1940,Greg Holmes
1940,V.I. Agapkin
1940,Jim Riggs
1940,The Canadian Band of the A.E.F.
1940,Alan Gresik Swing Shift Orchestra
1940,Kustaa Järvinen
1940,The Bootleg Swingband
1940,Benny Goodman & his Orchestra;Label Copy Conversion/Sony Music Special Products Unknown
1940,1930s and 1940s Music
1940,Sal Doof
1940,Sem Nijveen
1940,AVRO Dance Band
1940,Jacques Pet
1940,Original Victoria Band
1940,Les Welch
1940,Les Welch and his Eight Beat Boys
1940,The Southern Jazz Group
1940,The Esquire Five
1940,霧島 昇･並木路子
1940,Jack Daly
1940,Crime Doctor
1940,Les Welch
1940,Les Welch and his Eight Beat Boys
1940,The Southern Jazz Group
1940,The Esquire Five
1940,霧島 昇･並木路子
1940,Jack Daly
1940,Crime Doctor
1940,Les Welch
1940,Les Welch and his Eight Beat Boys
1940,The Southern Jazz Group
1940,The Esquire Five
1940,霧島 昇･並木路子
1940,Jack Daly
1940,Crime Doctor
1940,Les Welch
1940,Les Welch and his Eight Beat Boys
1940,The Southern Jazz Group
1940,The Esquire Five
1940,霧島 昇･並木路子
1940,Jack Daly
1940,Crime Doctor
1950,Debbie Reynolds
1950,Eddy Howard
1950,Rosemary Clooney
1950,Fats Domino
1950,Doris Day
1950,Bill Haley & His Comets
1950,Yma Sumac
1950,Ritchie Valens
1950,Fred Buscaglione
1950,Vera Lynn
1950,Vic Damone
1950,Billy Lee Riley
1950,Buddy Holly & The Crickets
1950,Patience & Prudence
1950,Johnny Burnette
1950,Johnny Mathis
1950,The Mills Brothers
1950,Violeta Parra
1950,Pierre Schaeffer
1950,The Weavers
1950,Tom Lehrer
1950,Frankie Carle
1950,Gene Kelly
1950,Odetta
1950,Danny Kaye
1950,Annikki Tähti
1950,Johnny Carroll
1950,Link Wray & His Ray Men
1950,Lale Andersen
1950,Lou Busch
1950,Kipparikvartetti
1950,Charline Arthur
1950,The Robins
1950,Kenny Graham and His Satellites
1950,Various Artists
1950,トニー谷
1950,Paul Robeson
1950,Keely Smith
1950,Pearl Bailey
1950,Frankie Lymon and The Teenagers
1950,Patti Page
1950,Jo Stafford
1950,Anne Murray
1950,Burl Ives
1950,Buddy Knox
1950,Gene Autry
1950,The Tokens
1950,The Skyliners
1950,Frankie Laine
1950,The McGuire Sisters
1950,Kay Kyser
1950,Martha Tilton
1950,Dick Haymes
1950,Lefty Frizzell
1950,Tennessee Ernie Ford
1950,Skeeter Davis
1950,Emeralds
1950,Helen Kane
1950,Zarah Leander
1950,Benny Golson
1950,Quartetto Cetra
1950,Milt Buckner
1950,Al Jolson
1950,Ethel Waters
1950,Sophie Tucker
1950,The Clovers
1950,Don Ellis
1950,Jeri Southern
1950,Utah Phillips
1950,Don Nelson
1950,Alvin and The Chipmunks
1950,Zangeres Zonder Naam
1950,Blue Diamonds
1950,Frankie Valli
1950,Benny Goodman & His Orchestra
1950,Carmen Ghia & The Hotrods
1950,Little Red
1950,Tapio Rautavaara
1950,Reino Helismaa
1950,The Haircuts
1950,Paul Whiteman
1950,Janis Martin
1950,Curtis Mayfield & The Impressions
1950,Marilyn Monroe & Jane Russell
1950,Victoria Spivey
1950,Harmony Sisters
1950,Bill Doggett
1950,The Royal Teens
1950,Jane Froman
1950,Rudy Vallee
1950,Little Willie John
1950,The Micragirls
1950,The Blue Diamonds
1950,The Teddy Bears
1950,Peggy Seeger
1950,Olavi Virta
1950,Henry Theel
1950,Coxsone Dodd
1950,Charlie Haden Quartet West
1950,George Wallington
1950,Joe Harriott
1950,LaVern Baker
1950,The Quarrymen
1950,Kenny Ball
1950,Jerry Lewis
1950,Litto Nebbia
1950,The Jesters
1950,Mae West
1950,Arne Domnérus
1950,The Jud Conlon Chorus
1950,Metro-Tytöt
1950,Georg Malmstén
1950,Laila Kinnunen
1950,Erkki Junkkarinen
1950,Esa Pakarinen
1950,Veikko Lavi
1950,Four Cats
1950,Georg Ots
1950,Diana Decker
1950,Gerhard Wendland
1950,Jimmy Boyd
1950,Микаэл Таривердиев
1950,Dodo Marmarosa
1950,生田恵子
1950,Ikuta Keiko
1950,Toni Tani
1950,Tony Tani
1950,Errol Nakao & Japanese Modernaires Orchestra
1950,The All-Star Orchestra
1950,The Tokyo Serenaders
1950,Brødrene Löwenstierne
1950,Sondi Sodsai
1950,Sweet Tooth
1950,Mondo Cane
1950,Richard Maxfield
1950,Harry Breuer and His Quintet
1950,Walter Goncalvez
1950,Os Satelites
1950,Penguins
1950,Clement 'Coxsone' Dodd
1950,The Kelly Affair
1950,Sylvia Plath
1950,Jack Webb
1950,Anita Bryant
1950,The Checkers
1950,伊福部昭
1950,Helena Siltala
1950,Eero Väre
1950,Metropole Orkest
1950,Gene Vincent & His Blue Caps
1950,The Quin-Tones
1950,The Tune Weavers
1950,Sonny Russell
1950,The Metropole Orchestra
1950,Thee Swank Bastards
1950,Joaquim Costa
1950,The Diamond Five
1950,Les Elgart
1950,Travis & Bob
1950,The Starlites
1950,Miltinho
1950,The Ramblers
1950,Ann Gilbert
1950,Frank Sinatra
1950,Gil Evans & The Monday Night Orchestra
1950,Ken Clevenger
1950,"Clement ""Sir Coxsone"" Dodd"
1950,Nite Hawks
1950,Tyrones
1950,The Tyrones
1950,Veikko Tuomi
1950,Ritchie Valens
1950,Solange Berry
1950,The Cecil Taylor Quartet
1950,Elaine Gay
1950,Arthur Smith & His Crackerjacks
1950,"""The Notorious Bettie Page"""
1950,Bobby Hodge
1950,Nelson Young
1950,Arthur Lee Maye & The Crowns
1950,The Lucky Bullets
1950,Tom Dissevelt/Kid Baltan
1950,Earl Lewis & The Channels
1950,Johnny Beeman
1950,Teddy 'McBear' McRae
1950,Radio 4
1950,Dorothy Reynolds & Julian Slade
1950,Betty Cody
1950,Óðinn Valdimarsson
1950,Group 5
1950,Santo & Johnny
1950,The Endorsers
1950,Gatorvettes
1950,Marie Jenkins
1950,Jo Ann Mitchell
1950,The Five Crowns
1950,Bob Gaddy
1950,Jim Edgar & The Roadrunners
1950,Marcel Martel
1950,Jimmy Dulan
1950,The Silver Abduction
1950,Leslie Caron
1950,Tarantula Ghoul & Her Gravediggers
1950,India Adams
1950,Corey Fischer
1950,Richard Haydn
1950,Link Wray & His Ray Men
1950,Frank Johnson's Fabulous Dixielanders
1950,Ewa chce spać
1950,The Goons: Spike Milligan; Harry Secombe; Peter Sellers
1960,The Kinks
1960,The Beach Boys
1960,The Mamas & the Papas
1960,The Byrds
1960,The Monkees
1960,Donovan
1960,Manuela
1960,Jacques Dutronc
1960,The Zombies
1960,France Gall
1960,Dusty Springfield
1960,Kaleidoscope
1960,Vashti Bunyan
1960,Love
1960,13th Floor Elevators
1960,The Hollies
1960,Brigitte Bardot
1960,The Incredible String Band
1960,Percy Faith & His Orchestra
1960,"Peter, Paul & Mary"
1960,Tim Hardin
1960,Bert Jansch
1960,Jack Jersey
1960,Almendra
1960,The Shangri-Las
1960,The Spencer Davis Group
1960,Harry Nilsson
1960,The Lovin' Spoonful
1960,Arlo Guthrie
1960,The Seeds
1960,Chad Carson
1960,Gordon Lightfoot
1960,The Ronettes
1960,Lesley Gore
1960,The Trashmen
1960,The Searchers
1960,Margo Guryan
1960,The Move
1960,The Turtles
1960,Herman's Hermits
1960,The Walker Brothers
1960,Aphrodite's Child
1960,The Standells
1960,The Easybeats
1960,Mary Hopkin
1960,The Feitos
1960,The Ken Woodman Sound
1960,Spur
1960,Burt Bacharach
1960,The Shirelles
1960,The Chiffons
1960,John Martyn
1960,Nancy Sinatra & Lee Hazlewood
1960,The Free Design
1960,Sagittarius
1960,Buffy Sainte-Marie
1960,The Association
1960,The 5th Dimension
1960,Scott McKenzie
1960,Badfinger
1960,Sandie Shaw
1960,Charlie Rich
1960,Marvin Gaye & Tammi Terrell
1960,The Weavers
1960,Tom Lehrer
1960,The Pretty Things
1960,The Electric Prunes
1960,The Outsiders
1960,The Knickerbockers
1960,Marie Laforêt
1960,The Paul Butterfield Blues Band
1960,The Smoke
1960,Maurice Williams
1960,Wimple Winch
1960,Anita Bryant
1960,Anna Karina
1960,Laura Nyro
1960,The Monks
1960,Georgie Fame
1960,Lee Hazlewood
1960,The Chocolate Watch Band
1960,The Litter
1960,Emitt Rhodes
1960,Lou Christie
1960,Karen Dalton
1960,The Fugs
1960,Andy Williams
1960,Al Stewart
1960,Jay & The Americans
1960,Johnny Burnette
1960,Neil Sedaka
1960,Johnny Mathis
1960,Chris Montez
1960,Guy Mitchell
1960,Spanky & Our Gang
1960,The Grass Roots
1960,The Beau Brummels
1960,The Left Banke
1960,Eternity's Children
1960,Gene Clark
1960,The Youngbloods
1960,The Seekers
1960,Michel Polnareff
1960,The Statler Brothers
1960,William Shatner
1960,Sylvie Vartan
1960,Arthur Brown
1960,Keith Mansfield
1960,Frijid Pink
1960,Tomorrow
1960,John's Children
1960,The Kingsmen
1960,White Noise
1960,The Castaways
1960,Blue Diamonds
1960,Mama Cass
1960,Dee Dee Sharp
1960,Norman Greenbaum
1960,Odetta
1960,T. Rex
1960,Tiny Tim
1960,Los Saicos
1960,Esquivel
1960,The Piltdown Men
1960,The Artwoods
1960,The Creation
1960,Moğollar
1960,The Crazy World Of Arthur Brown
1960,Curtis Mayfield & The Impressions
1960,The Leaves
1960,Les Fleur De Lys
1960,? and the Mysterians
1960,The Mothers of Invention
1960,The End
1960,Eric Burdon & The Animals
1960,Lloyd Charmers
1960,Monks
1960,The Woolies
1960,The Action
1960,The Human Beinz
1960,Billie Davis
1960,Rangers
1960,O Terço
1960,David Seville
1960,Blossom Toes
1960,The Misunderstood
1960,Michael Nesmith
1960,The Strangers
1960,Arne Domnérus
1960,The Ballroom
1960,Seija Simola
1960,Four Cats
1960,Bob Luman
1960,The Dowlands
1960,Susan Christie
1960,The Golden Ring
1960,Los Gatos
1960,The Zakary Thaks
1960,Fapardokly
1960,Things to Come
1960,The Freeborne
1960,The High Numbers
1960,Susan Rafey
1960,Robbie Winston
1960,Lori Burton
1960,Bruce & Terry
1960,Harumi
1960,Velvet Illusions
1960,The Driving Stupid
1960,T. Rex
1960,Grains of Sand
1960,Marjorie Noël
1960,Willie Cobbs
1960,Jacqueline Perez
1960,Living Children
1960,Juhani Markola
1960,Ivo Robić
1960,Davy Kaye
1960,Larry Hall
1960,Chancellors
1960,Green Fuzz
1960,Pageboys
1960,Sam Rachel King
1960,Kristiina Halkola & Liisamaija Laaksonen
1960,"Kristiina Halkola, Liisamaija Laaksonen & Matti Oravisto"
1960,Various Artists
1960,Keely Smith
1960,Pearl Bailey
1960,Claudine Longet
1960,Brenda Holloway
1960,Little Eva
1960,Cilla Black
1960,The Cookies
1960,Ria Bartok
1960,Nino Ferrer
1960,King Curtis
1960,The Last Poets
1960,Tommy Boyce & Bobby Hart
1960,Honeybus
1960,The Remains
1960,"Dave Dee, Dozy, Beaky, Mick & Tich"
1960,Rainbow Ffolly
1960,Bobbie Gentry
1960,The Millennium
1960,Chantal Goya
1960,Peggy March
1960,The Barracudas
1960,"Alexander ""Skip"" Spence"
1960,Skip Bifferty
1960,Fifty Foot Hose
1970,The Damned
1970,X-Ray Spex
1970,10cc
1970,Magma
1970,はっぴいえんど
1970,Japan
1970,Steve Harley & Cockney Rebel
1970,Nina Hagen Band
1970,Big Star
1970,The Undertones
1970,Tim Buckley
1970,The Slits
1970,Carly Simon
1970,John Cale
1970,Dead Boys
1970,Amanda Lear
1970,Mott the Hoople
1970,Gérard Lenorman
1970,Shuggie Otis
1970,Sparks
1970,Cockney Rebel
1970,Al Stewart
1970,Badfinger
1970,Be Bop Deluxe
1970,The Modern Lovers
1970,Lô Borges
1970,Spirogyra
1970,The Cigarettes
1970,Adrian Baker
1970,Gordon Lightfoot
1970,Harry Nilsson
1970,The Saints
1970,Jobriath
1970,The Boomtown Rats
1970,Tyla Gang
1970,Randy Newman
1970,Jean Michel Jarre
1970,Curved Air
1970,Suzi Quatro
1970,Steeleye Span
1970,The Rutles
1970,Hollywood Brats
1970,Lynsey de Paul
1970,Dixie Dregs
1970,Secret Affair
1970,The Killjoys
1970,Beto Guedes
1970,Farhad
1970,Lesley Gore
1970,The Monochrome Set
1970,The Free Design
1970,Stiv Bators
1970,Radio Birdman
1970,Steve Harley
1970,Cluster & Brian Eno
1970,Art Garfunkel
1970,Seals & Crofts
1970,Helen Reddy
1970,Firefall
1970,Crosby & Nash
1970,The Partridge Family
1970,Gene Clark
1970,Michel Polnareff
1970,Jermaine Jackson
1970,Spliff
1970,The Tubes
1970,The Sugarhill Gang
1970,Pete Townshend
1970,Frijid Pink
1970,A Taste Of Honey
1970,Paul Bley
1970,Rocket From The Tombs
1970,Holger Czukay
1970,Abdullah Ibrahim
1970,Todd Rundgren
1970,Sylvester
1970,Dexys Midnight Runners
1970,Stealers Wheel
1970,Billy Preston
1970,Pablo Cruise
1970,Wadsworth Mansion
1970,Argent
1970,The Dickies
1970,The Brady Bunch
1970,Chris Squire
1970,Tiny Tim
1970,Zolar X
1970,Marc Bolan
1970,Racey
1970,Gillan
1970,Matching Mole
1970,Richard Wright
1970,Steve Howe
1970,Trapeze
1970,Happy the Man
1970,Wooden Horse
1970,Chelsea
1970,Poison Girls
1970,Nine Below Zero
1970,Reatards
1970,Arne Domnérus
1970,spleen ideal
1970,Seija Simola
1970,Cumulus
1970,Päivi Paunu
1970,The Scientists
1970,Kristiina Halkola
1970,Althea & Donna
1970,Jacula
1970,Patricio Rey y sus Redonditos de Ricota
1970,Big In Japan
1970,Sui Generis
1970,T. Rex
1970,The Cigarettes
1970,Long Tall Shorty
1970,Casino Steel
1970,Polis
1970,Cargoe
1970,山口百恵 (Yamaguchi Momoe)
1970,Seidat
1970,Various Artists
1970,大滝詠一
1970,奥村チヨ
1970,加藤登紀子
1970,岩崎宏美
1970,由紀さおり
1970,山下達郎
1970,Keely Smith
1970,Armando Trovaioli
1970,Pearl Bailey
1970,Nino Ferrer
1970,Franco Micalizzi
1970,The Last Poets
1970,George Crumb
1970,The Headhunters
1970,Captain & Tennille
1970,Nancy Sinatra & Lee Hazlewood
1970,Judee Sill
1970,Jonathan Richman And The Modern Lovers
1970,American Spring
1970,The Raspberries
1970,Wizzard
1970,Baby Huey
1970,The Undisputed Truth
1970,"Alexander ""Skip"" Spence"
1970,Flamin' Groovies
1970,Shelagh McDonald
1970,Blue Orchids
1970,The Normal
1970,The Tourists
1970,The Triffids
1970,The Rubettes
1970,Trees
1970,Q65
1970,Fotheringay
1970,Scars
1970,Paul Giovanni
1970,Bryan Ferry & Roxy Music
1970,James Booker
1970,Pagans
1970,Bay City Rollers
1970,Player
1970,Pure Prairie League
1970,Orleans
1970,Gilbert O'Sullivan
1970,Paul & Linda McCartney
1970,Bob Welch
1970,The Skyliners
1970,Graham Nash
1970,Steve Forbert
1970,Karla Bonoff
1970,The Walker Brothers
1970,Percy Faith
1970,Donny Osmond
1970,Vanity Fare
1970,John Sebastian
1970,Roger Whittaker
1970,The Three Degrees
1970,Dick Haymes
1970,Mary MacGregor
1970,Elvis Costello & The Imposters
1970,Dale Watson
1970,Tony Trischka
1970,Skeeter Davis
1970,Zarah Leander
1970,The Sensational Alex Harvey Band
1970,Thelma Houston
1970,Hot Tuna
1970,Gloria Jones
1970,Material
1970,Gasolin'
1970,The Real Thing
1970,Van Dyke Parks
1970,Jack Arel
1970,Andrea True Connection
1970,Rob Swift
1970,Keith Mansfield
1970,Kim Larsen
1970,Telex
1970,Roy Budd
1970,Hugh Mundell
1970,Pop Rivets
1970,James Clarke
1970,Manassas
1970,Ethel Waters
1970,Tom Verlaine
1970,Rhys Chatham
1970,Tommy McCook
1970,Starland Vocal Band
1970,Paul Revere & The Raiders
1980,Eurythmics
1980,Devo
1980,Alphaville
1980,Orchestral Manoeuvres in the Dark
1980,Visage
1980,The Psychedelic Furs
1980,The Human League
1980,Ultravox
1980,XTC
1980,Violent Femmes
1980,Smack
1980,Japan
1980,A Flock of Seagulls
1980,Kajagoogoo
1980,Lene Lovich
1980,Tank
1980,Charly García
1980,Elvis Costello & The Attractions
1980,Altered Images
1980,Culture Club
1980,Frankie Goes to Hollywood
1980,Animotion
1980,Spandau Ballet
1980,Bronski Beat
1980,Wham!
1980,Thomas Dolby
1980,Vanity 6
1980,Danielle Dax
1980,Universe
1980,Adam and the Ants
1980,Grace Jones
1980,Bow Wow Wow
1980,Midnight Oil
1980,Love and Rockets
1980,Berlin
1980,The Selecter
1980,Yazoo
1980,Men Without Hats
1980,Joan Jett and the Blackhearts
1980,Toyah
1980,Rip Rig & Panic
1980,Circus Circus
1980,Pizzicato Five
1980,Orange Juice
1980,Cowboy Junkies
1980,Minutemen
1980,Split Enz
1980,James
1980,Traveling Wilburys
1980,Young Marble Giants
1980,The Style Council
1980,Adam Ant
1980,Bananarama
1980,Dead or Alive
1980,Oingo Boingo
1980,Hanoi Rocks
1980,Thompson Twins
1980,Marc Almond
1980,Dexys Midnight Runners
1980,Hell
1980,Double
1980,Heaven 17
1980,Sigue Sigue Sputnik
1980,Classix Nouveaux
1980,Nick Cave & the Bad Seeds
1980,Blancmange
1980,Virgin Prunes
1980,Play Dead
1980,The Waterboys
1980,The Young Gods
1980,Soda Stereo
1980,Kurtis Blow
1980,The House of Love
1980,Sebadoh
1980,Big Country
1980,ABC
1980,Nina Hagen
1980,Prefab Sprout
1980,Carly Simon
1980,Robert Palmer
1980,Johnny Hates Jazz
1980,Eddy Grant
1980,Fine Young Cannibals
1980,Modern English
1980,Mr. Mister
1980,The Vapors
1980,Squeeze
1980,Robert Fripp
1980,The Fixx
1980,Living Colour
1980,'Til Tuesday
1980,Propaganda
1980,Wall of Voodoo
1980,Marshall Jefferson
1980,Fiction Factory
1980,The Associates
1980,Taz
1980,Romeo Void
1980,Nina Hagen Band
1980,Satan
1980,The Cigarettes
1980,Edith Massey
1980,The Prefab Messiahs
1980,Ghost Dance
1980,Marcella Detroit
1980,Adrian Baker
1980,Mike Love and Adrian Baker
1980,Paula Abdul
1980,Information Society
1980,"10,000 Maniacs"
1980,Television Personalities
1980,The Field Mice
1980,The Lemonheads
1980,Talulah Gosh
1980,Au Pairs
1980,Kirsty MacColl
1980,Felt
1980,Aztec Camera
1980,Dexys Midnight Runners
1980,The Bats
1980,Strawberry Switchblade
1980,The Triffids
1980,Fear
1980,The The
1980,The Shamen
1980,The Alarm
1980,Billy Ocean
1980,Martika
1980,The Power Station
1980,The Tubes
1980,Neneh Cherry
1980,New Kids on the Block
1980,Level 42
1980,Colin Hay
1980,Scritti Politti
1980,Amanda Lear
1980,The Dream Academy
1980,Baltimora
1980,Harold Faltermeyer
1980,T'Pau
1980,The Soup Dragons
1980,Dag Nasty
1980,The Bolshoi
1980,The Buggles
1980,All About Eve
1980,Kitchens of Distinction
1980,Transvision Vamp
1980,The Teardrop Explodes
1980,Ciccone Youth
1980,Tones on Tail
1980,Shakespear's Sister
1980,Vicious Pink
1980,La Bionda
1980,Uncle Sam
1980,Secret Affair
1980,Peter Godwin
1980,Kissing The Pink
1980,Os Mulheres Negras
1980,Poly Styrene
1980,Screaming Dead
1980,Mike Scott
1980,Zodiaks
1980,Neva
1980,The Cigarettes
1980,Afobia
1980,Red rain coat
1980,Burning Skies of Elysium
1980,Ludivine Sagnier
1980,Vera Lynn
1980,Rita Hayworth
1980,Jo Stafford
1980,Haley Bonar
1980,John Farnham
1980,American Music Club
1980,The Monochrome Set
1980,The Wake
1980,Stiv Bators
1980,Bourbonese Qualk
1980,Jungle Brothers
1980,Cybotron
1980,Throwing Muses
1980,The Orchids
1980,The Bluebells
1980,The Go-Betweens
1980,Snuff
1980,The Wedding Present
1980,The Dream Syndicate
1980,Even as We Speak
1980,Half Man Half Biscuit
1980,Blue Orchids
1980,ESG
1980,The Sea Urchins
1980,Minny Pops
1980,Ludus
1980,Mary Goes Round
1980,Gavin Friday
1980,The Chills
1980,World Party
1980,Concrete Blonde
1980,Shriekback
1980,Big Audio Dynamite
1980,The Wolfgang Press
1980,Tiffany
1980,Béla Bartók
1980,Swing Out Sister
1980,fIREHOSE
1980,Amy Grant
1980,Al Stewart
1980,Leo Sayer
1980,Sheena Easton
1990,Rebel
1990,RuPaul
1990,Slamhound
1990,Penny Lane
1990,Babes in Toyland
1990,The Blue Up?
1990,Gin Blossoms
1990,Real McCoy
1990,Blackboard Jungle
1990,Better Than Ezra
1990,Pizzicato Five
1990,Deee-Lite
1990,808 State
1990,S Club 7
1990,A*Teens
1990,Catatonia
1990,Semisonic
1990,The Young Gods
1990,The Lemonheads
1990,The La's
1990,Saint Etienne
1990,Menswear
1990,Cowboy Junkies
1990,The Divine Comedy
1990,Teenage Fanclub
1990,Sebadoh
1990,The Olivia Tremor Control
1990,Frank Black
1990,Spin Doctors
1990,EVE 6
1990,Chumbawamba
1990,Arrested Development
1990,Veruca Salt
1990,Bluetile Lounge
1990,Harvey Danger
1990,1990s
1990,Electronic
1990,Nick Cave & the Bad Seeds
1990,Funhouse
1990,Warren G
1990,Soul Asylum
1990,The Field Mice
1990,The Yummy Fur
1990,Reef
1990,Cast
1990,Echobelly
1990,The Rentals
1990,The Concretes
1990,Blueboy
1990,Hum
1990,Gavin Friday
1990,The Shamen
1990,Barry Adamson
1990,Rednex
1990,The Lucksmiths
1990,Blackstreet
1990,Screeching Weasel
1990,New Kids on the Block
1990,Londonbeat
1990,White Town
1990,Ultra Bra
1990,Tullycraft
1990,Pop Will Eat Itself
1990,Carter the Unstoppable Sex Machine
1990,Eternal
1990,Orlando
1990,The Disposable Heroes Of Hiphoprisy
1990,Wendy Rule
1990,Tasmin Archer
1990,P.M. Dawn
1990,Fastball
1990,Shed Seven
1990,The Mock Turtles
1990,Inspiral Carpets
1990,Against All Authority
1990,Face to Face
1990,Marion
1990,Unwritten Law
1990,The Farm
1990,Gene
1990,Shakespear's Sister
1990,Five
1990,Warrior Soul
1990,Marcella Detroit
1990,The Verve Pipe
1990,American Music Club
1990,The Monochrome Set
1990,Kenickie
1990,The Flaming Stars
1990,Technotronic
1990,Jungle Brothers
1990,The Supernaturals
1990,DJ Jazzy Jeff & The Fresh Prince
1990,Seaweed
1990,The Orchids
1990,The House of Love
1990,The Delgados
1990,Rialto
1990,The Ladybug Transistor
1990,Kirsty MacColl
1990,Down By Law
1990,Tiger Trap
1990,Elf Power
1990,Quasi
1990,The Essex Green
1990,The White Birch
1990,Half Man Half Biscuit
1990,The Sea Urchins
1990,Spearmint
1990,Cirrus
1990,New Radicals
1990,Cornershop
1990,The Wolfgang Press
1990,The Wannadies
1990,Dubstar
1990,Mary Chapin Carpenter
1990,fIREHOSE
1990,Prefab Sprout
1990,Al Stewart
1990,Queen Latifah
1990,Dodgy
1990,Toadies
1990,A.C.T
1990,Foxy Brown
1990,Black Moon
1990,Black Box
1990,The Wiseguys
1990,SWV
1990,Neneh Cherry
1990,SoulDecision
1990,New Fast Automatic Daffodils
1990,Rocket from the Crypt
1990,A Guy Called Gerald
1990,The Pastels
1990,Deborah Cox
1990,The Music Tapes
1990,Jeff Lynne
1990,NY Loose
1990,Stiltskin
1990,Terrorvision
1990,Lunachicks
1990,Dario G
1990,Alisha's Attic
1990,Galactic Cowboys
1990,Animaniacs
1990,Republica
1990,Da Vinci's Notebook
1990,Monaco
1990,The Connells
1990,Deep Blue Something
1990,Imperial Drag
1990,Charles & Eddie
1990,Tal Bachman
1990,EMF
1990,Jesus Jones
1990,Heatmiser
1990,The Soup Dragons
1990,Dag Nasty
1990,Quickspace
1990,Black Tambourine
1990,Chavez
1990,Lazlo Bane
1990,The Wonder Stuff
1990,The Darling Buds
1990,Julian Cope
1990,The Fireman
1990,Juliana Hatfield
1990,N-Joi
1990,Des'ree
1990,The Queers
1990,Gorky's Zygotic Mynci
1990,Trembling Blue Stars
1990,Seven Mary Three
1990,The Primitives
1990,The Auteurs
1990,The Clean
1990,Human Resource
1990,Portastatic
1990,Tiny Tim
1990,Polaris
1990,The Evolution Control Committee
1990,I Mother Earth
1990,Juice Leskinen
1990,Edwin McCain
1990,The Tape-beatles
1990,Six By Seven
1990,Strangelove
1990,Course Of Empire
1990,Bailter Space
1990,Westside Connection
1990,The Jazz Butcher
1990,Robin S
1990,Donna Lewis
1990,Shades Of Rhythm
1990,Bassheads
1990,Max Gazzè
1990,Eucharist
1990,God Macabre
1990,Hector
1990,Brownstone
1990,98 Degrees
1990,The Ocean Blue
1990,Astrid
1990,Minty
1990,Northern Picture Library
1990,Richard Wright
1990,Gene Loves Jezebel
1990,坪倉唯子
1990,Steve Howe
1990,Cat Rapes Dog
2000,Taylor Swift
2000,Backstreet Boys
2000,Deerhunter
2000,They Might Be Giants
2000,Janelle Monáe
2000,Nick Carter
2000,Sandy e Junior
2000,Rusko Star
2000,The Antlers
2000,*NSYNC
2000,Brian Littrell
2000,Turin Brakes
2000,Guided by Voices
2000,St. Vincent
2000,Kelly Rowland
2000,志方あきこ
2000,Matt Montez
2000,Be Your Own Pet
2000,Emmy the Great
2000,Dreamlin
2000,Gossip
2000,Nick Cave & the Bad Seeds
2000,Bronze Radio Return
2000,Kalliope
2000,Marcelo Camelo
2000,井元ともこ
2000,Dulce María
2000,VAGRANCY
2000,志方あきこ (Shikata Akiko)
2000,シカタ★アキコ
2000,Akiko Shikata (志方 あきこ)
2000,Shikata Akiko (志方あきこ)
2000,しかたあきこ
2000,Akiko shikaka
2000,Pizzicato Five
2000,Laura Veirs
2000,Phosphorescent
2000,Suburban Kids with Biblical Names
2000,Frank Black
2000,Horse Feathers
2000,EVE 6
2000,Danger
2000,School of Seven Bells
2000,Islands
2000,Tiê
2000,Robert Fripp
2000,Harvey Danger
2000,VHS or Beta
2000,Little Joy
2000,Slow Club
2000,Céu
2000,The Asteroids Galaxy Tour
2000,A*Teens
2000,Bloodbound
2000,JLS
2000,Mutya Buena
2000,Tracedawn
2000,Apanhador Só
2000,Tomoko Imoto
2000,志方あき
2000,L-M-P (Lost Music Planet)
2000,Ofasia
2000,The Weeaboo Piss
2000,志方あきこ (Akiko Shikata)
2000,Lost Music Planet
2000,The American Analog Set
2000,Rachel Stevens
2000,Chingy
2000,The Caretaker
2000,The Divine Comedy
2000,Ed Harcourt
2000,The Concretes
2000,Fionn Regan
2000,Shearwater
2000,Owen
2000,The Lucksmiths
2000,Adrian Belew
2000,Jonathan Coulton
2000,Yppah
2000,John Most
2000,Vivian Girls
2000,Ultra Bra
2000,Tullycraft
2000,Kin
2000,Wendy Rule
2000,Scarlett Johansson
2000,Soulja Boy
2000,Danity Kane
2000,Emma Bunton
2000,The Fireman
2000,Star Fucking Hipsters
2000,Harlem Shakes
2000,Blind Pilot
2000,Darker My Love
2000,Freelance Whales
2000,Sharon Van Etten
2000,Cloud Nothings
2000,Abe Vigoda
2000,Swingin' Utters
2000,Kurt Vile
2000,Math and Physics Club
2000,Circulatory System
2000,Queen + Paul Rodgers
2000,Autopilot Off
2000,Lemar
2000,Jenni Vartiainen
2000,The Ergs!
2000,Roberta Sá
2000,Tender Trap
2000,Kids In The Way
2000,Darius Rucker
2000,Luti-Kriss
2000,Goddess
2000,thenewno2
2000,Hannah Montana
2000,Tristâme
2000,Kandi
2000,Tran Qual
2000,Trey Anastasio Band
2000,Musical Mind Control
2000,妙
2000,Shit
2000,The Amplifetes
2000,Snail Quail
2000,志方あきこ & 霜月はるか
2000,Marjolaine
2000,Shikata
2000,Stupid
2000,Harvey Weinstein
2000,椿カオリ
2000,GreEK GODDESS
2000,少年ナイフ
2000,Dillinger Four
2000,Blitzen Trapper
2000,The Wrens
2000,Andrew Bird's Bowl of Fire
2000,Säkert!
2000,Taken by Trees
2000,Babasónicos
2000,Boubacar Traoré
2000,Horsepower Productions
2000,The Free Design
2000,The Hunches
2000,The Orchids
2000,Fruit Bats
2000,Dengue Fever
2000,The House of Love
2000,The Delgados
2000,The Ladybug Transistor
2000,The Hidden Cameras
2000,The Clientele
2000,Snuff
2000,Dressy Bessy
2000,Elf Power
2000,Quasi
2000,The Essex Green
2000,Brian Wilson
2000,Little Wings
2000,The White Birch
2000,+/-
2000,Love Is All
2000,The Little Ones
2000,Spearmint
2000,Gavin Friday
2000,High Places
2000,Megafaun
2000,Carbon Leaf
2000,Vitamin C
2000,Department of Eagles
2000,Al Stewart
2000,Thea Gilmore
2000,Ryan Cabrera
2000,Nina Persson
2000,Bush Tetras
2000,Rednex
2000,Amanda Blank
2000,Bill Bruford
2000,Saturday Looks Good To Me
2000,Alamo Race Track
2000,Bear in Heaven
2000,Elvis Perkins
2000,Port O'Brien
2000,The Pinker Tones
2000,Sean Lennon
2000,Tracey Thorn
2000,Amy Millan
2000,Little Jackie
2000,Anoraak
2000,Jaguar Love
2000,We Have Band
2000,The Most Serene Republic
2000,Common Market
2000,J. Tillman
2000,Rykarda Parasol
2000,Woods
2000,Big & Rich
2000,The Russian Futurists
2000,The Blow
2000,Allo Darlin'
2000,The Music Tapes
2000,Steel Train
2000,Maritime
2000,Paul Baribeau
2000,Matthew Good Band
2000,Emma
2000,Tina Dico
2000,Wobbler
2000,Bif Naked
2000,Nellie McKay
2000,Monaco
2010,Sandy Leah
2010,Weberty Moreira
2010,Lana Del Rey
2010,Julian Thome
2010,Eric Burdon
2010,Backstreet Boys
2010,Bruno Mars
2010,Grimes
2010,Lorde
2010,Janelle Monáe
2010,Howie D
2010,Kendrick Lamar
2010,Marina & the Diamonds
2010,Ellie Goulding
2010,HAIM
2010,Imagine Dragons
2010,Sandy
2010,Best Coast
2010,Charli XCX
2010,Rodrigo Amarante
2010,志方あきこ
2010,Cícero
2010,St. Vincent
2010,The Antlers
2010,Cloud Nothings
2010,One Direction
2010,AJ McLean
2010,Austra
2010,Birdy
2010,Jessie And The Toy Boys
2010,Sky Ferreira
2010,Father John Misty
2010,The Weeknd
2010,Natalia Kills
2010,FKA twigs
2010,Dum Dum Girls
2010,Sleigh Bells
2010,Florrie
2010,Cults
2010,Nicola Roberts
2010,Purity Ring
2010,Frank Ocean
2010,Unknown Mortal Orchestra
2010,Anna Calvi
2010,Mac DeMarco
2010,The Asteroids Galaxy Tour
2010,Com Truise
2010,Iceage
2010,Carly Rae Jepsen
2010,Ariana Grande
2010,Azealia Banks
2010,Nick Carter
2010,Kalliope
2010,井元ともこ
2010,VAGRANCY
2010,Harry Styles
2010,Simons
2010,志方あきこ (Shikata Akiko)
2010,シカタ★アキコ
2010,Akiko Shikata (志方 あきこ)
2010,Shikata Akiko (志方あきこ)
2010,しかたあきこ
2010,Akiko shikaka
2010,Esperanza Spalding
2010,Danger
2010,Aloe Blacc
2010,Beach Fossils
2010,Zac Brown Band
2010,Tennis
2010,Thee Oh Sees
2010,Alabama Shakes
2010,Angel Olsen
2010,Kurt Vile
2010,Foxes
2010,Oneohtrix Point Never
2010,Laurel Halo
2010,Jason Derülo
2010,Julia Holter
2010,Childish Gambino
2010,A$AP Rocky
2010,Katy B
2010,Disco Fries
2010,Ariel Pink
2010,Tove Lo
2010,Jake Bugg
2010,Christina Perri
2010,MisterWives
2010,Zedd
2010,twenty one pilots
2010,Rita Ora
2010,Wynter Gordon
2010,Martin Solveig & Dragonette
2010,Phillip Phillips
2010,Bebe Rexha
2010,Tomoko Imoto
2010,Levante
2010,志方あき
2010,L-M-P (Lost Music Planet)
2010,Phoebe Bridgers
2010,Ofasia
2010,Eldon McCain
2010,The Weeaboo Piss
2010,志方あきこ (Akiko Shikata)
2010,Lost Music Planet
2010,Poliça
2010,Icona Pop
2010,Twin Shadow
2010,Vivian Girls
2010,Allo Darlin'
2010,Youth Lagoon
2010,Perfume Genius
2010,Iggy Azalea
2010,Chairlift
2010,Slow Club
2010,Tinie Tempah
2010,Trent Reznor and Atticus Ross
2010,Retribution Gospel Choir
2010,Teen Daze
2010,Neon Hitch
2010,Walk the Moon
2010,The Lumineers
2010,Twin Peaks
2010,The War on Drugs
2010,Little Daylight
2010,Foxygen
2010,Lianne La Havas
2010,Ty Segall
2010,AWOLNATION
2010,Disclosure
2010,La Sera
2010,Alvvays
2010,Chelsea Light Moving
2010,Sam Smith
2010,The 1975
2010,London Grammar
2010,Agnes Obel
2010,Christian Mistress
2010,Maria Minerva
2010,Jenni Vartiainen
2010,Solange
2010,Pallbearer
2010,Eva Simons
2010,Katey Sagal
2010,Alexandra Burke
2010,Blood Orange
2010,神聖かまってちゃん
2010,miwa
2010,Holograms
2010,Speedy Ortiz
2010,Hop Along
2010,Savages
2010,AlunaGeorge
2010,Cécile Corbel
2010,Goddess
2010,Echosmith
2010,U.S. Girls
2010,Rebecca & Fiona
2010,thenewno2
2010,Jessie Ware
2010,Willow Smith
2010,Haloo Helsinki!
2010,Nause
2010,Sanni
2010,Meg Myers
2010,Tove Styrke
2010,King Gizzard & The Lizard Wizard
2010,Bleachers
2010,Allie X
2010,Fifth Harmony
2010,Royal Blood
2010,Weyes Blood
2010,妙
2010,Shit
2010,stroszek
2010,Doja Cat
2010,志方あきこ & 霜月はるか
2010,PVRIS
2010,Hayley Kiyoko
2010,Seax
2010,Halsey
2010,Marjolaine
2010,Shikata
2010,"Tilhet, pajut ja muut"
2010,Japanese Breakfast
2010,Camila Cabello
2010,MrDjGri
2010,Stupid
2010,Julien Baker
2010,Billie Eilish
2010,Lucy Dacus
2010,Cardi B
2010,Harvey Weinstein
2010,椿カオリ
2010,GreEK GODDESS
2010,嶺川貴子
2010,少年ナイフ
2010,Lower Dens
2010,Boubacar Traoré
2010,The Orchids
2010,The House of Love
2010,The Clientele
2010,Snuff
2010,Gary Clark Jr.
2010,Bush Tetras
2010,Saturday Looks Good To Me
2010,Todd Terje
2010,Actress
2010,Anoraak
2010,The White Buffalo
2010,Forest Swords
